nome,nome
.NET,1
.NET FRAMEWORK,1
5S,1
A/B TESTING,1
ACCESSIBILITY,2
ACOMPANHAMENTO DE BUGS,1
ACTIONSCRIPT,1
ADMINISTRACAO,2
ADOBE AFTER EFFECTS,1
ADOBE CREATIVE SUITE,1
ADOBE FIREWORKS,1
ADOBE ILLUSTRATOR,5
ADOBE PHOTOSHOP,6
ADVERTISING,5
AFFILIATE MARKETING,3
AFFILIATE NETWORKS,2
AFFILIATION,2
AFILIACAO,1
AGILE METHODOLOGIES,6
AGILE PROJECT MANAGEMENT,1
AJAX,4
AJUDA NO SUCESSO DO CLIENTE,1
ALGORITHMS,4
ALGORITMO,1
AMADEUS,1
AMAZON EC2,2
AMAZON S3,1
AMAZON WEB SERVICES,1
AMAZON WEB SERVICES (AWS),2
AMP,1
ANALISE DA COMPETITIVIDADE,1
ANALISE DE DADOS,1
ANALISE DE REDE,3
ANALISE DE REQUISITOS,1
ANALISE DE RISCOS,1
ANALISE DE SISTEMAS,2
ANALISE FINANCEIRA,3
ANALISES,1
ANALISES DE MERCADO,1
ANDROID,3
ANDROID DEVELOPMENT,2
ANGEL INVESTING,1
ANGULAR,2
ANGULARJS,3
APACHE,2
APACHE CORDOVA,2
APPLICATION DEVELOPMENT,1
ARQUITETURA DE INFORMACAO,2
ARQUITETURA DE SOFTWARE,1
ART DIRECTION,1
ASP.NET,1
ASSET MANAGEMENT,1
ATENDIMENTO AO CLIENTE,13
AUDITORIA,1
AUTOCAD,1
AUTOMACAO DE TESTES,1
AUTOMATED SOFTWARE TESTING,1
AVALIACAO FINANCEIRA,1
AWS,1
AXURE,3
B2B,2
BANCO DE DADOS,2
BARMAN (BACKUP AND RECOVERY MANAGER) - POSTGRESQL,1
BASH,2
BDD,1
BIG DATA ANALYTICS,1
BMC REMEDY,1
BOM RELACIONAMENTO PARA TRABALHAR EM EQUIPE.,1
BOOTSTRAP,1
BRAND DEVELOPMENT,2
BRAZILIAN LAWS,1
BRAZILIAN PORTUGUESE,1
BUG TRACKING,1
BUSINESS,1
BUSINESS ANALYSIS,3
BUSINESS COACHING,1
BUSINESS DEVELOPMENT,6
BUSINESS INNOVATION,1
BUSINESS INTELLIGENCE,8
BUSINESS INTELLIGENCE TOOLS,1
BUSINESS MANAGEMENT,1
BUSINESS MODEL CANVAS,1
BUSINESS PLANNING,14
BUSINESS PROCESS IMPROVEMENT,1
BUSINESS STRATEGY,16
BUSINESS VALUATION,1
C,10
C (LINGUAGEM DE PROGRAMACAO),4
C#,5
C++,13
C/C++,1
CALL CENTERS,1
CAPACIDADE ANALITICA,1
CAPITAL DE RISCO,1
CAPITAL MARKETS,1
CARTOES DE CREDITO,1
CBL,1
CENTRAIS DE ATENDIMENTO,1
CENTRO DE PROCESSAMENTO DE DADOS,1
CEP (CONTROLE ESTATISTICO DE PROCESSOS),1
CEPH,1
CHEMICAL ENGINEERING,1
CHROME DEVELOPER TOOLS,1
CHROME EXTENSIONS,2
CIENCIA DA COMPUTACAO,1
CLOUD COMPUTING,2
CLP (CONTROLADOR LOGICO PROGRAMAVEL),1
COACHING,1
COBERTURA FOR J2ME,1
COBIT,3
CODED UI,1
CODIGO ABERTO,1
COMERCIO ELETRONICO,15
COMMERCE,1
COMMUNICACAO ESTRATEGICA,1
COMPATIBILIDADE CROSS-BROWSER,1
COMPETITIVE ANALYSIS,2
COMPILERS,1
COMPLEX NETWORKS,1
COMPOSITING,1
COMPUTACAO EM NUVEM,1
COMPUTER SCIENCE,3
COMUNICACAO DIGITAL,1
COMUNICACAO EMPRESARIAL,2
COMUNICACAO INTERNA,1
COMUNICACAO INTERPESSOAL,2
COMUNICACOES DE MARKETING,8
CONSULTING,1
CONSULTORIA,2
CONSULTORIA DE GESTAO,3
CONTABILIDADE,1
CONTEXT SENSITIVE SOLUTIONS,1
CONTEXTUAL INQUIRY,1
CONTINUOUS INTEGRATION,1
CONVERSION OPTIMIZATION,1
COORDENACAO DE PROJETOS,1
COPYWRITING,1
CORPORATE BRANDING,1
CORPORATE FINANCE,1
CORPORATE MANAGEMENT,1
CREATIVE DIRECTION,1
CREDIT CARDS,1
CRITICAL THINKING,1
CRM,2
CRM SOLVE360,1
CROSS-FUNCTIONAL TEAM LEADERSHIP,1
CSS,18
CSS3,3
CUCUMBER,1
CUSTOMER DEVELOPMENT,2
CUSTOMER FOCUSED DESIGN,1
CUSTOMER SATISFACTION,1
CUSTOMER SERVICE,6
CUSTOMER SUCCESS,1
CUSTOMER SUPPORT,1
CVS,2
DAS,1
DASHBOARD,1
DATA ANALYSIS,6
DATA ANALYTICS,1
DATA CENTER,1
DATA EXTRACTION,1
DATA MINING,2
DATA WAREHOUSING,1
DATABASE ADMINISTRATION,1
DATABASES,2
DEBIAN,1
DELPHI,3
DESENHO MECANICO,1
DESENVOLVIMENTO ANDROID,2
DESENVOLVIMENTO DE NOVOS NEGOCIOS,5
DESENVOLVIMENTO DE PRODUTOS,2
DESENVOLVIMENTO DE SISTEMAS,1
DESENVOLVIMENTO DE SITES,1
DESENVOLVIMENTO DE SOFTWARE,7
DESENVOLVIMENTO EMPRESARIAL,2
DESENVOLVIMENTO ORIENTADO A TESTES,1
DESENVOLVIMENTO PARA IOS,1
DESENVOLVIMENTOS DE CLIENTES,1
DESIGN DA EXPERIENCIA DO USUARIO,1
DESIGN DE EXPERIENCIA,1
DESIGN DE INTERACAO,2
DESIGN DE INTERFACE DO USUARIO,1
DESIGN DE INTERIORES,1
DESIGN GRAFICO,3
DESIGN PATTERNS,1
DESIGN RESEARCH,1
DESIGN STRATEGY,1
DESIGN THINKING,3
DESIGN VOLTADO PARA O USUARIO,1
DEVELOPMENT MANAGEMENT,1
DEVELOPMENT PROGRAMMING,1
DEVOPS,1
DHTML,1
DIGITAL ADVERTISING,1
DIGITAL MARKETING,21
DIGITAL MEDIA,2
DIGITAL MEDIA SERVICES,1
DIGITAL STRATEGY,5
DIGITAL TV,1
DIRECT SALES,1
DISTRIBUTED SYSTEMS,3
DJANGO,3
DOCKER,2
DOCTRINE,1
DOJO,1
DOS,4
E-COMMERCE,10
E-COMMERCE CONSULTING,1
E-COMMERCE GLOBAL,1
E-COMMERCE OPTIMIZATION,1
E-COMMERCE SEO,4
E-LEARNING,1
ECLIPSE,2
ECONOMIA,1
EDICAO DE AUDIO,1
EDICAO DE IMAGENS,1
EDICAO DE VIDEO,1
EFITNESSE,1
EJB,1
ELECTRON,1
EMAIL MARKETING,3
EMBEDDED SYSTEMS,1
EMPREENDEDORISMO,6
EMPREENDEDORISMO SOCIAL,1
EMPRESAS STARTUPS,8
ENGENHARIA,2
ENGENHARIA CIVIL,1
ENGENHARIA DE PROCESSOS,1
ENGENHARIA DE PRODUCAO,1
ENGENHARIA DE PROJETOS,1
ENGENHARIA DE SOFTWARE,4
ENGINEERING,2
ENGLISH,9
ENTREPRENEURSHIP,6
ERP,3
ERP (PLANEJAMENTO DE RECURSOS EMPRESARIAIS),3
ERP/CRM,1
ESCALABILIDADE,1
ESCRITA,1
ESTRATEGIA,5
ESTRATEGIA DIGITAL,6
ESTRATEGIA EMPRESARIAL,23
ESTRATEGIAS DE MARKETING,24
ETHNOGRAPHY,1
ETL,1
"ETL (EXTRACAO, TRANSFORMACAO E CARREGAMENTO)",1
EXACT SALES,1
EXCEL,1
EXCEL DASHBOARDS,1
EXECUTIVE COACHING,1
EXPERIENCE DESIGN,2
EXPERIENCIA DO CLIENTE,2
EXPERIENCIA DO USUARIO,4
EXPERIENCIA EM MARKETING DIGITAL,1
"EXTRACT, TRANSFORM, LOAD (ETL)",1
FACEBOOK,1
FACEBOOK API,3
FACILITADOR EDUCACIONAL,1
FAST LEARNING,1
FERRAMENTAS LEAN,1
FIELD MARKETING,1
FILM PRODUCTION,1
FINANCAS,1
FINANCAS CORPORATIVAS,1
FINANCE,2
FINANCIAL ANALYSIS,1
FINANCIAL MODELING,1
FITNESSE,1
FLASK,1
FOCO NO CLIENTE,1
FORMACAO DE EQUIPES,1
FOTOGRAFIA,1
FRAMEWORKS PHP,1
FREEBSD,1
FRONT-END,4
FRONT-END DEVELOPMENT,1
FUSOES E AQUISICOES,1
GERENCIAMENTO DE PROCESSOS,1
GERENCIAMENTO DE PROCESSOS DE NEGOCIOS,1
GERENCIAMENTO DE SERVICOS DE TI,2
GESTAO,23
GESTAO COMERCIAL,1
GESTAO DA MUDANCAS,1
GESTAO DE ATIVOS,1
GESTAO DE CARTEIRAS,1
GESTAO DE CONTAS,2
GESTAO DE CONTRATOS,1
GESTAO DE EQUIPES,2
GESTAO DE EVENTOS,1
GESTAO DE INFORMACOES,1
GESTAO DE MARKETING,1
GESTAO DE OBRAS,1
GESTAO DE PESSOAL,1
GESTAO DE PESSOAS,1
GESTAO DE PRODUTOS,1
GESTAO DE PROGRAMAS,1
GESTAO DE PROJETOS,11
GESTAO DE PROJETOS DE SOFTWARE,1
GESTAO DE RELACAO DE CLIENTES,6
GESTAO DE RISCOS,1
GESTAO DE TI,2
GESTAO DE VENDAS,8
GESTAO EMPRESARIAL,1
GESTAO LEAN,1
GESTAO POR INDICADORES,1
GIT,19
GO,1
GOOGLE ADWORDS,8
GOOGLE ANALYTICS,13
GOOGLE CLOUD PLATFORM,1
GOOGLE WEBMASTER TOOLS,1
GOVERNANCE,1
GRAPHIC DESIGN,3
GROWTH HACKING,1
GRUNTJS,3
GTK,1
GULP.JS,3
HANDLEBARS.JS,1
HARDWARE INSTALLATION,1
HEROKU,3
HEURISTIC EVALUATION,1
HISTORY,1
HTML,17
HTML 5,6
HTML/XML,1
HTML5,6
HUMAN COMPUTER INTERACTION,1
HUMAN RESOURCES,1
HYPERIC HQ,1
HYPOTHESIS TESTING,1
IDENTIDADE DE MARCA CORPORATIVA,1
ILLUSTRATOR,2
ILUSTRACAO,1
IMPLEMENTACAO DE PIXEL,1
INBOUND MARKETING,1
INDESIGN,1
INFORMATION ARCHITECTURE,5
INFORMATION DESIGN,1
INFORMATION MANAGEMENT,1
INFORMATION RETRIEVAL,3
INFORMATION SECURITY,1
INFRASTRUCTURE MANAGEMENT,1
INGLES,14
INGLES BASICO,1
INGLES INTERMEDIARIO,1
INNOVATION,2
INOVACAO ABERTA,1
INSURANCE,1
INTEGRACAO,1
INTELIGENCIA DE MERCADO,1
INTELIGENCIA EMPRESARIAL,3
INTERACTION DESIGN,4
INTERIOR DESIGN,1
INTERIOR LIGHTING,1
INTERNET ENTREPRENEUR,1
INVESTIMENTOS,2
IONIC FRAMEWORK,1
IOS,1
IOS DEVELOPMENT,2
IT MANAGEMENT,3
IT OUTSOURCING,1
IT SERVICE MANAGEMENT,2
ITIL,4
ITS,1
J2ME,1
JADE,1
JASMINE,1
JASMINE FRAMEWORK,1
JAVA,18
JAVA ENTERPRISE EDITION,1
JAVASCRIPT,23
JAVASE,1
JDBC,1
JENKINS,1
JIRA,1
JMETER,1
JMUNIT,1
JPA,1
JQUERY,13
JSF,2
JSON,3
KANBAN,2
KARMA,1
KEY ACCOUNT MANAGEMENT,1
KUBERNETES,1
LANDING PAGE OPTIMIZATION,1
LARAVEL,2
LATEX,1
LAYOUT,1
LAYOUT GRAFICO,1
LEADERSHIP,4
LEAN STARTUP,1
LESS,1
LIDERANCA,11
LIDERANCA DE EQUIPE,18
LIDERANCA INOVADORA,1
LINGUA PORTUGUESA,1
LINHAS AEREAS,1
LINUX,18
LINUX DEVELOPMENT,2
LINUX SERVER,1
LIVING ABROAD,1
LUA,2
M&A EXPERIENCE,1
MACHINE LEARNING,1
MAEMO,1
MANAGEMENT,16
MANAGEMENT CONSULTING,1
MANAGING DISTRIBUTION CHANNELS,1
MAPREDUCE,1
MARKET ANALYSIS,1
MARKET PLANNING,3
MARKETING,26
MARKETING AFILIADO,3
MARKETING COMERCIAL,2
MARKETING COMMUNICATIONS,4
MARKETING DE CONTEUDO,1
MARKETING DE INFLUENCIADORES,1
MARKETING DE MOTOR DE BUSCA,3
MARKETING DIGITAL,32
MARKETING DIRETO,1
MARKETING INBOUND,1
MARKETING MANAGEMENT,3
MARKETING NO FACEBOOK,1
MARKETING ONLINE,11
MARKETING PARA DISPOSITIVOS MOVEIS,1
MARKETING POR E-MAIL,7
MARKETING SOCIAL,10
MARKETING STRATEGY,16
MATERIAL DESIGN,2
MEDIA PLANNING,1
MELHORIA DE PROCESSOS,3
MELHORIA DE PROCESSOS EMPRESARIAIS,1
MERCADO DE CAPITAIS,1
MERCADO DE CREDITO,1
MERCADOS FINANCEIROS,1
MERGERS,1
MERGERS & ACQUISITIONS,1
METALLURGY,1
METODOLOGIAS AGEIS,2
METROLOGIA,1
MICROSOFT CRM,1
MICROSOFT EXCEL,29
MICROSOFT OFFICE,35
MICROSOFT POWERPOINT,19
MICROSOFT PROJECT,8
MICROSOFT SQL SERVER,7
MICROSOFT TEST MANAGER,1
MICROSOFT VISUAL STUDIO,1
MICROSOFT WINDOWS,2
MICROSOFT WORD,19
MIDIA DIGITAL,3
MIDIAS SOCIAIS,15
MOBILE APPLICATION DESIGN,1
MOBILE APPLICATION DEVELOPMENT,1
MOBILE APPLICATIONS,4
MOBILE DESIGN,2
MOBILE DEVICES,3
MOBILE MARKETING,2
MOBILE PRODUCT DEVELOPMENT,1
MOBILE TELECOMMUNICATIONS,1
MOBILE TESTING,1
MODELAGEM FINANCEIRA,1
MONGODB,3
MONKEYRUNNER,1
MOODLE,1
MOTIVACAO DE EQUIPES,1
MOZILLA,1
MS PROJECT,1
MULTIMIDIA,1
MULTITHREADING,1
MUSIC THEORY,1
MUSTACHE,1
MYSQL,22
NAGIOS,1
NAVITAIRE SKYSPEED 3.4,1
NEGOCIACAO,17
NEGOCIACAO DE CONTRATOS,1
NEGOTIATION,14
NET PROMOTER SCORE,2
NETWORK PROTOCOLS,1
NEW BUSINESS DEVELOPMENT,6
NGINX,3
NODE.JS,4
NOSQL,1
NOVOS NEGOCIOS,1
OBJECT ORIENTED DESIGN,1
OBJECT PASCAL,1
OBJECTIVE-C,4
ONLINE ADVERTISING,10
ONLINE LEAD GENERATION,2
ONLINE MARKETING,4
OOP,3
OPEN SOURCE,2
OPENSOCIAL,1
OPERACOES DE VENDAS,1
OPERATING SYSTEMS,10
OPERATIONS MANAGEMENT,1
OPTIMIZATION STRATEGIES,1
ORACLE HYPERION WEB ANALYSIS,1
ORACLE I-EXPENSES,1
ORACLE SQL,1
ORATORIA,4
ORGANIZACAO DE EVENTOS,1
ORGANIZACOES SEM FINS LUCRATIVOS,1
OUTSOURCING,1
PALESTRAS,1
PAPER PROTOTYPING,1
PARALLEL COMPUTING,1
PARALLEL PROGRAMMING,1
PDCA,2
PENSAMENTO LEAN,1
PENTAHO,1
PERFORMANCE IMPROVEMENT,1
PERFORMANCE TUNING,1
PERL,1
PERSISTENCIA,1
PERSONA,1
PERSONAS,1
PESQUISA,4
PHONEGAP,1
PHOTOSHOP,5
PHP,22
PHPMYADMIN,1
PHPUNIT,1
PLANEJAMENTO DE EVENTOS,1
PLANEJAMENTO DE MERCADO,1
PLANEJAMENTO DE MIDIA,1
PLANEJAMENTO DE PROJETOS,3
PLANEJAMENTO EMPRESARIAL,14
PLANEJAMENTO ESTRATEGICO,28
PLANNING,1
PMI,2
PMO,1
PORTFOLIO MANAGEMENT,1
PORTUGUES,4
PORTUGUESE,5
POSTGRESQL,7
POWERPOINT,8
PPC,1
PRE-SALES,2
PRE-SALES TECHNICAL SUPPORT,1
PRE-VENDAS,1
PRECIFICACAO,1
PRICING STRATEGY,1
PROACTIVITY,1
PROATIVIDADE,1
PROBLEM SOLVING,1
PROCESS ENGINEERING,1
PROCESSO DE VENDA,1
PRODUCT DESIGN,1
PRODUCT DEVELOPMENT,3
PRODUCT MANAGEMENT,2
"PROFISSIONAL COMPETENTE, COMUNICATIVO E PROATIVO.",1
PROGRAMACAO DE COMPUTADORES,3
PROGRAMMING,2
PROGRAMMING LANGUAGES,1
PROJECT COORDINATION,1
PROJECT ESTIMATION,1
PROJECT MANAGEMENT,9
PROJECT PLANNING,2
PROLOG,2
PROTOTYPE,1
PROTOTYPING,2
PSYCHOLOGICAL ASSESSMENT,1
PSYCHOMETRICS,1
PUBLIC SPEAKING,3
PUBLICIDADE,11
PUBLICIDADE ONLINE,18
PYTHON,18
QT,2
QUALITY MANAGEMENT,1
R,2
RANCHER,1
RAPID PROTOTYPING,1
REACT.JS,2
RECRUITING,1
RECRUITMENTS,1
RECURSOS HUMANOS,1
REDACAO,2
REDES AFILIADAS,1
REDIS,1
REDUX,1
RELACOES COM A MIDIA,1
RELACOES COM OS CLIENTES,1
RELACOES PUBLICAS,3
RELATIONSHIP MARKETING,1
REQUIREJS,1
RESEARCH,4
RESOLUCAO DE PROBLEMAS,1
RESPONSIVE WEB DESIGN,1
RESPONSIVENESS,1
REST,2
REVISAO DE TEXTO,1
ROBOTIUM,1
RUBY,4
RUBY ON RAILS,3
RUNRUN.IT,1
SABRE,1
SALES,3
SALES & MARKETING,1
SALES MANAGEMENT,11
SALES MANAGEMENT COACHING,1
SALES OPERATIONS,2
SALES PROCESS,1
SALES REPRESENTATIVES,1
SALES TRACKING,1
SALESFORCE.COM,4
SAP ERP,1
SAP R/3,1
SASS,4
SATISFACAO DO CLIENTE,1
SCALABILITY,3
SCILAB,1
SCRUM,26
SEARCH ENGINE OPTIMIZATION (SEO),1
SEGUROS,1
SEIS SIGMA,1
SELENIUM,1
SELENIUM RC/IDE,1
SELENIUM WEBDRIVER,1
SELLING SKILLS,1
SEM,5
SEMANTIC HTML,1
SENSIBILIDADE,1
SEO,11
SEO (OTIMIZACAO DE MOTORES DE BUSCA),9
SERVICE DESIGN,1
SERVICOS BANCARIOS,1
SERVIDOR APACHE,1
SERVIDOR WINDOWS,1
SHELL SCRIPT,2
SHELL SCRIPTING,5
SHORT FILMS,1
SIKULI,1
SILEX,1
SISTEMA FRONT-END,1
SISTEMAS DISTRIBUIDOS,1
SISTEMAS OPERACIONAIS,10
SITEMAP,1
SKETCHING,1
SML,1
SOAP,1
SOCIABILIDADE,1
SOCIAL COMPUTING,1
SOCIAL MEDIA,13
SOCIAL MEDIA ADVERTISING,1
SOCIAL MEDIA MARKETING,10
SOCIAL NETWORKING,1
SOCIAL SKILLS,1
SOCIAL WEB,1
SOCKET.IO,1
SOFTWARE DESIGN,1
SOFTWARE DEVELOPMENT,15
SOFTWARE DOCUMENTATION,1
SOFTWARE ENGINEERING,6
SOFTWARE PROJECT MANAGEMENT,1
SOFTWARE TESTING PROCESS,1
SOLIDWORKS,2
SOLUCOES CRIATIVAS,1
SOLUTION SELLING,1
SOLUTIONS SELLING,1
SPANISH,2
SPORTS,1
SQL,15
SQLITE,1
START-UP ENVIRONMENT,1
START-UPS,8
STARTUP DEVELOPMENT,2
STARTUP MARKETING,1
STOCK EXCHANGE,1
STOCK MARKET ANALYSIS,2
STRATEGIC CONSULTING,1
STRATEGIC PLANNING,16
STRATEGIC SALES,1
STRATEGY,2
SUBVERSION,3
SUPORTE TECNICO,1
SUPPLY CHAIN,1
SWIFT,4
SYSTEM ARCHITECTURE,1
SYSTEM TESTING,1
TABLEAU,1
TALENTO VOCAL,1
TDD,1
TEAM FOUNDATION SERVER,1
TEAM LEADERSHIP,14
TEAM MANAGEMENT,3
TEAMWORK,4
TECNOLOGIA DA INFORMACAO,1
TECNOLOGIAS EDUCACIONAIS,1
TELECOMMUNICATIONS,1
TERCEIRIZACAO DE SERVICOS,2
TEST AUTOMATION,1
TEST STRATEGY,1
TESTE DE USABILIDADE,1
TESTING,1
TESTLINK,1
TETRIZ,1
TRADE FINANCE,2
TRADE MARKETING,5
TREINAMENTO,1
TURISMO,1
TYPESCRIPT,1
UBUNTU,1
UML,9
UNIFIED MODELING LANGUAGE (UML),1
UNIX,1
UNIX SHELL SCRIPTING,2
USABILIDADE,3
USABILITY,4
USABILITY ENGINEERING,1
USABILITY TESTING,5
USER EXPERIENCE,7
USER EXPERIENCE DESIGN,3
USER INTERFACE,1
USER INTERFACE DESIGN,4
USER INTERFACES,1
USER-CENTERED DESIGN,3
VALUATION,1
VARNISH CACHE,1
VBA,3
VENDA DE SOLUCOES DE SOFTWARE,2
VENDAS,10
VENDOR MANAGEMENT,1
VENDOR RELATIONS,1
VENTURE CAPITAL,1
VIDEO PRODUCTION,1
VISAO SISTEMICA,1
VISUAL BASIC,3
VISUAL BASIC 5.0/6.0,1
VISUAL DESIGN,1
VMWARE,1
WEB 2.0,1
WEB ANALYTICS,5
WEB APPLICATION DESIGN,1
WEB DESIGN,7
WEB DEVELOPMENT,10
WEB HOSTING,1
WEB MINING,1
WEB SERVICES,2
WEB STANDARDS,2
WEBKIT,1
WEBRTC,1
WEBSOCKETS,1
WEBTRENDS ANALYTICS,1
WINDOWS,5
WINDOWS PHONE,1
WINDOWS SERVER,1
WIREFRAMES,3
WORDPRESS,5
XML,3
ZABBIX,1
